{"c6ed548f-9cb3-4020-aa53-159e9c778446": {
"bboxes": [
                [
                    0.15,
                    0.275,
                    0.3074074074074074,
                    0.23958333333333334
                ]
            ],
            "labels": [
                "dislike"
            ]
},
"afdb3d50-ff6b-48d0-a52d-3cbf5b78137d": {
"bboxes": [
                [
                    0.6148148148148148,
                    0.2635416666666667,
                    0.2777777777777778,
                    0.24375
                ]
            ],
            "labels": [
                "dislike"
            ]
},
"08312107-ce45-4c04-ba99-d16b18ad1161": {
"bboxes": [
                [
                    0.02962962962962963,
                    0.296875,
                    0.45740740740740743,
                    0.3854166666666667
                ]
            ],
            "labels": [
                "dislike"
            ]
},
"5ffb4e9e-3f27-4313-ab94-4d12f5c3e51f": {
"bboxes": [
                [
                    0.5740740740740741,
                    0.540625,
                    0.39814814814814814,
                    0.32916666666666666
                ]
            ],
            "labels": [
                "like"
            ]
},
"b5d7eac9-3cdb-4063-8ee6-3a2efaa4583f": {
"bboxes": [
                [
                    0.005555555555555556,
                    0.45729166666666665,
                    0.3611111111111111,
                    0.26145833333333335
                ]
            ],
            "labels": [
                "like"
            ]
},
"2ecea356-16b4-4e91-87c9-ce43ff76a0f8": {
"bboxes": [
                [
                    0.4148148148148148,
                    0.546875,
                    0.4722222222222222,
                    0.30104166666666665
                ]
            ],
            "labels": [
                "like"
            ]
},
"3cdbbca5-efac-49b5-8204-7b003e198f19": {
"bboxes": [
                [
                    0.04259259259259259,
                    0.203125,
                    0.38333333333333336,
                    0.32083333333333336
                ]
            ],
            "labels": [
                "peace"
            ]
},
"d5ac6042-fdd4-44ca-a388-1974414ac46e": {
"bboxes": [
                [
                    0.587037037037037,
                    0.3375,
                    0.39444444444444443,
                    0.2875
                ]
            ],
            "labels": [
                "peace"
            ]
},
"9885222f-fbd8-4fde-8a5e-c8c162d6ab9d": {
"bboxes": [
                [
                    0.11296296296296296,
                    0.21145833333333333,
                    0.31296296296296294,
                    0.23020833333333332
                ]
            ],
            "labels": [
                "peace"
            ]
},
"2ea44722-40d1-4e89-a2b8-e96b6522e12d": {
"bboxes": [
                [
                    0.5407407407407407,
                    0.25625,
                    0.45185185185185184,
                    0.40520833333333334
                ]
            ],
            "labels": [
                "stop"
            ]
},
"925f8e10-b0e8-4778-9198-ceac1b70b637": {
"bboxes": [
                [
                    0.07777777777777778,
                    0.2677083333333333,
                    0.4388888888888889,
                    0.3645833333333333
                ]
            ],
            "labels": [
                "stop"
            ]
},
"75068e7e-9d5c-4c14-a464-8f30942a3ac9": {
"bboxes": [
                [
                    0.15185185185185185,
                    0.3333333333333333,
                    0.362962962962963,
                    0.315625
                ]
            ],
            "labels": [
                "stop"
            ]
},
"b04e5576-dccb-48b0-9039-693176f145e8": {
"bboxes": [
                [
                    0.2759259259259259,
                    0.3104166666666667,
                    0.46111111111111114,
                    0.2791666666666667
                ]
            ],
            "labels": [
                "rock"
            ]
},
"375a8bf1-ee7a-4fb4-b544-937abee75d06": {
"bboxes": [
                [
                    0.1037037037037037,
                    0.4197916666666667,
                    0.4925925925925926,
                    0.23854166666666668
                ]
            ],
            "labels": [
                "rock"
            ]
},
"77d9d557-f05a-4a35-ab78-7eb9cb7743bc": {
"bboxes": [
                [
                    0.5314814814814814,
                    0.20729166666666668,
                    0.34444444444444444,
                    0.228125
                ]
            ],
            "labels": [
                "rock"
            ]
}

}
