{
    "lik1": {
        "bboxes": [
            [
                0.5833333333333334,
                0.5458333333333333,
                0.362962962962963,
                0.3260416666666667
            ]
        ],
        "labels": [
            "like"
        ]
    },
	    "lik2": {
        "bboxes": [
            [
                0.08333333333333333,
                0.45416666666666666,
                0.31851851851851853,
                0.265625
            ]
        ],
        "labels": [
            "like"
        ]
    },
	    "lik3": {
        "bboxes": [
            [
                0.4222222222222222,
                0.5510416666666667,
                0.31851851851851853,
                0.2864583333333333
            ]
        ],
        "labels": [
            "like"
        ]
    }
}